enumerator_id,submission_id,gps_lat,gps_long,start_time,end_time,duration_minutes,consent,household_id,sync_status,duration_flag,consent_flag
E01,SUB0001,-1.302497,36.792321,2026-04-01 08:25:00,2026-04-01 09:15:00,50,Yes,HH140,Success,Suspicious,OK
E01,SUB0002,-1.32702,36.791864,2026-04-01 15:12:00,2026-04-01 15:17:00,5,Yes,HH051,Success,Suspicious,OK
E05,SUB0003,-1.285079,36.797819,2026-04-01 15:09:00,2026-04-01 15:26:00,17,Yes,HH041,Success,Normal,OK
E04,SUB0004,-1.314452,36.865721,2026-04-01 13:48:00,2026-04-01 14:08:00,20,Yes,HH025,Success,Normal,OK
E03,SUB0005,-1.303548,36.774345,2026-04-01 13:52:00,2026-04-01 14:33:00,41,Yes,HH097,Success,Suspicious,OK
E01,SUB0006,-1.24706,36.831852,2026-04-01 17:25:00,2026-04-01 17:46:00,21,Yes,HH181,Success,Normal,OK
E01,SUB0007,-1.30721,36.798939,2026-04-01 08:46:00,2026-04-01 09:31:00,45,Yes,HH026,Success,Suspicious,OK
E04,SUB0008,-1.266432,36.806483,2026-04-01 12:44:00,2026-04-01 13:16:00,32,Yes,HH069,Success,Normal,OK
E01,SUB0009,-1.257087,36.78634,2026-04-01 10:55:00,2026-04-01 11:32:00,37,Yes,HH164,Failed,Normal,OK
E05,SUB0010,-1.297572,36.846831,2026-04-01 11:44:00,2026-04-01 12:30:00,46,Yes,HH081,Success,Suspicious,OK
E04,SUB0011,-1.308902,36.864291,2026-04-01 12:34:00,2026-04-01 12:41:00,7,Yes,HH168,Success,Suspicious,OK
E04,SUB0012,-1.238545,36.815885,2026-04-01 14:45:00,2026-04-01 15:44:00,59,Yes,HH144,Success,Suspicious,OK
E05,SUB0013,-1.271541,36.859782,2026-04-01 12:29:00,2026-04-01 13:19:00,50,Yes,HH036,Success,Suspicious,OK
E05,SUB0014,-1.254422,36.85611,2026-04-01 16:25:00,2026-04-01 16:33:00,8,Yes,HH175,Success,Suspicious,OK
E04,SUB0015,-1.291838,36.869612,2026-04-01 09:05:00,2026-04-01 09:32:00,27,Yes,HH003,Failed,Normal,OK
E01,SUB0016,-1.303317,36.834096,2026-04-01 17:09:00,2026-04-01 18:00:00,51,Yes,HH117,Success,Suspicious,OK
E01,SUB0017,-1.253804,36.820768,2026-04-01 12:29:00,2026-04-01 13:04:00,35,Yes,HH164,Success,Normal,OK
E05,SUB0018,-1.292609,36.786155,2026-04-01 11:23:00,2026-04-01 11:35:00,12,No,HH001,Failed,Normal,Issue
E05,SUB0019,-1.328052,36.86291,2026-04-01 13:31:00,2026-04-01 14:05:00,34,Yes,HH079,Success,Normal,OK
E02,SUB0020,-1.242199,36.864695,2026-04-01 08:59:00,2026-04-01 09:17:00,18,Yes,HH018,Success,Normal,OK
E05,SUB0021,-1.264025,36.864685,2026-04-01 10:08:00,2026-04-01 10:19:00,11,Yes,HH156,Success,Normal,OK
E04,SUB0022,-1.254473,36.838987,2026-04-01 11:36:00,2026-04-01 12:13:00,37,Yes,HH172,Success,Normal,OK
E03,SUB0023,-1.278242,36.7821,2026-04-01 15:28:00,2026-04-01 16:28:00,60,Yes,HH151,Success,Suspicious,OK
E05,SUB0024,-1.307978,36.777099,2026-04-01 11:55:00,2026-04-01 12:35:00,40,Yes,HH009,Success,Normal,OK
E03,SUB0025,-1.3062,36.836898,2026-04-01 09:12:00,2026-04-01 09:47:00,35,Yes,HH147,Success,Normal,OK
E05,SUB0026,-1.251538,36.85075,2026-04-01 16:04:00,2026-04-01 16:22:00,18,Yes,HH111,Success,Normal,OK
E03,SUB0027,-1.283298,36.842908,2026-04-01 15:13:00,2026-04-01 15:42:00,29,Yes,HH026,Failed,Normal,OK
E01,SUB0028,-1.29607,36.856167,2026-04-01 14:52:00,2026-04-01 15:41:00,49,Yes,HH115,Success,Suspicious,OK
E02,SUB0029,-1.302145,36.794981,2026-04-01 15:12:00,2026-04-01 15:26:00,14,Yes,HH141,Success,Normal,OK
E01,SUB0030,-1.230072,36.853603,2026-04-01 08:51:00,2026-04-01 09:35:00,44,No,HH061,Failed,Suspicious,Issue
E02,SUB0031,-1.281864,36.856465,2026-04-01 14:56:00,2026-04-01 15:30:00,34,Yes,HH001,Success,Normal,OK
E04,SUB0032,-1.251487,36.798525,2026-04-01 12:31:00,2026-04-01 13:24:00,53,Yes,HH143,Success,Suspicious,OK
E04,SUB0033,-1.300329,36.866871,2026-04-01 10:38:00,2026-04-01 10:53:00,15,Yes,HH192,Success,Normal,OK
E03,SUB0034,-1.271582,36.820285,2026-04-01 08:58:00,2026-04-01 09:04:00,6,Yes,HH131,Success,Suspicious,OK
E01,SUB0035,-1.270496,36.837521,2026-04-01 11:10:00,2026-04-01 11:17:00,7,Yes,HH146,Success,Suspicious,OK
E02,SUB0036,-1.326026,36.778198,2026-04-01 17:52:00,2026-04-01 18:33:00,41,Yes,HH081,Success,Suspicious,OK
E03,SUB0037,-1.258381,36.793869,2026-04-01 11:29:00,2026-04-01 12:14:00,45,Yes,HH077,Success,Suspicious,OK
E04,SUB0038,-1.236427,36.770932,2026-04-01 13:23:00,2026-04-01 14:14:00,51,Yes,HH026,Success,Suspicious,OK
E01,SUB0039,-1.279412,36.783246,2026-04-01 17:10:00,2026-04-01 17:26:00,16,Yes,HH063,Success,Normal,OK
E03,SUB0040,-1.286182,36.824322,2026-04-01 12:51:00,2026-04-01 13:04:00,13,Yes,HH168,Failed,Normal,OK
E05,SUB0041,-1.24829,36.799938,2026-04-01 08:08:00,2026-04-01 08:53:00,45,Yes,HH035,Failed,Suspicious,OK
E03,SUB0042,-1.319296,36.825322,2026-04-01 09:58:00,2026-04-01 10:57:00,59,Yes,HH184,Success,Suspicious,OK
E03,SUB0043,-1.266576,36.796398,2026-04-01 11:28:00,2026-04-01 12:14:00,46,Yes,HH014,Failed,Suspicious,OK
E01,SUB0044,-1.302332,36.770355,2026-04-01 15:13:00,2026-04-01 16:09:00,56,Yes,HH068,Success,Suspicious,OK
E02,SUB0045,-1.259433,36.826091,2026-04-01 15:32:00,2026-04-01 16:10:00,38,Yes,HH177,Failed,Normal,OK
E02,SUB0046,-1.24654,36.828251,2026-04-01 17:18:00,2026-04-01 17:23:00,5,Yes,HH079,Success,Suspicious,OK
E03,SUB0047,-1.294219,36.838207,2026-04-01 08:40:00,2026-04-01 09:40:00,60,Yes,HH144,Success,Suspicious,OK
E04,SUB0048,-1.243539,36.867621,2026-04-01 10:38:00,2026-04-01 10:56:00,18,Yes,HH007,Success,Normal,OK
E02,SUB0049,-1.236918,36.850224,2026-04-01 13:40:00,2026-04-01 14:33:00,53,Yes,HH069,Success,Suspicious,OK
E02,SUB0050,-1.242783,36.855859,2026-04-01 09:50:00,2026-04-01 10:17:00,27,Yes,HH118,Success,Normal,OK
E03,SUB0051,-1.250465,36.79276,2026-04-01 13:12:00,2026-04-01 14:07:00,55,Yes,HH085,Success,Suspicious,OK
E03,SUB0052,-1.302088,36.834148,2026-04-01 09:11:00,2026-04-01 10:03:00,52,Yes,HH138,Failed,Suspicious,OK
E03,SUB0053,-1.242296,36.796122,2026-04-01 08:28:00,2026-04-01 08:38:00,10,Yes,HH010,Failed,Normal,OK
E01,SUB0054,-1.257145,36.801368,2026-04-01 15:24:00,2026-04-01 15:49:00,25,Yes,HH099,Success,Normal,OK
E05,SUB0055,-1.325561,36.813606,2026-04-01 11:14:00,2026-04-01 11:33:00,19,Yes,HH176,Success,Normal,OK
E02,SUB0056,-1.323003,36.836424,2026-04-01 14:12:00,2026-04-01 14:42:00,30,Yes,HH032,Success,Normal,OK
E03,SUB0057,-1.263311,36.802618,2026-04-01 16:39:00,2026-04-01 17:01:00,22,Yes,HH050,Success,Normal,OK
E04,SUB0058,-1.255187,36.787403,2026-04-01 14:28:00,2026-04-01 15:14:00,46,Yes,HH001,Success,Suspicious,OK
E03,SUB0059,-1.287011,36.827998,2026-04-01 12:53:00,2026-04-01 13:09:00,16,Yes,HH114,Success,Normal,OK
E02,SUB0060,-1.250626,36.865983,2026-04-01 16:43:00,2026-04-01 17:16:00,33,Yes,HH073,Success,Normal,OK
E05,SUB0061,-1.248158,36.845114,2026-04-01 13:43:00,2026-04-01 13:51:00,8,Yes,HH051,Success,Suspicious,OK
E02,SUB0062,-1.305516,36.817514,2026-04-01 08:25:00,2026-04-01 08:30:00,5,Yes,HH107,Success,Suspicious,OK
E05,SUB0063,-1.260365,36.819438,2026-04-01 11:19:00,2026-04-01 12:07:00,48,Yes,HH002,Success,Suspicious,OK
E01,SUB0064,-1.312411,36.865797,2026-04-01 15:15:00,2026-04-01 15:32:00,17,Yes,HH064,Success,Normal,OK
E01,SUB0065,-1.249858,36.836758,2026-04-01 15:47:00,2026-04-01 15:58:00,11,No,HH194,Success,Normal,Issue
E04,SUB0066,-1.246943,36.824787,2026-04-01 16:36:00,2026-04-01 17:06:00,30,Yes,HH122,Success,Normal,OK
E04,SUB0067,-1.305276,36.833766,2026-04-01 12:25:00,2026-04-01 13:16:00,51,Yes,HH161,Success,Suspicious,OK
E02,SUB0068,-1.322252,36.798573,2026-04-01 12:41:00,2026-04-01 13:12:00,31,Yes,HH139,Success,Normal,OK
E01,SUB0069,-1.306874,36.839395,2026-04-01 10:21:00,2026-04-01 10:33:00,12,Yes,HH105,Success,Normal,OK
E03,SUB0070,-1.288423,36.790683,2026-04-01 17:15:00,2026-04-01 17:47:00,32,Yes,HH150,Failed,Normal,OK
E01,SUB0071,-1.282302,36.864274,2026-04-01 17:49:00,2026-04-01 18:16:00,27,Yes,HH108,Success,Normal,OK
E05,SUB0072,-1.269675,36.792054,2026-04-01 17:19:00,2026-04-01 18:13:00,54,Yes,HH008,Success,Suspicious,OK
E04,SUB0073,-1.262086,36.810432,2026-04-01 13:44:00,2026-04-01 14:29:00,45,Yes,HH033,Success,Suspicious,OK
E05,SUB0074,-1.239307,36.829189,2026-04-01 17:06:00,2026-04-01 17:10:00,4,Yes,HH110,Success,Suspicious,OK
E02,SUB0075,-1.324972,36.80791,2026-04-01 15:52:00,2026-04-01 16:06:00,14,Yes,HH195,Success,Normal,OK
E04,SUB0076,-1.23488,36.812156,2026-04-01 12:44:00,2026-04-01 13:35:00,51,Yes,HH192,Success,Suspicious,OK
E05,SUB0077,-1.307578,36.776862,2026-04-01 08:53:00,2026-04-01 09:18:00,25,No,HH008,Success,Normal,Issue
E02,SUB0078,-1.327962,36.785238,2026-04-01 11:24:00,2026-04-01 12:20:00,56,Yes,HH145,Success,Suspicious,OK
E02,SUB0079,-1.304376,36.80689,2026-04-01 15:56:00,2026-04-01 16:43:00,47,Yes,HH184,Failed,Suspicious,OK
E01,SUB0080,-1.31919,36.772568,2026-04-01 10:47:00,2026-04-01 11:09:00,22,Yes,HH097,Success,Normal,OK
E04,SUB0081,-1.27079,36.853057,2026-04-01 11:23:00,2026-04-01 11:30:00,7,Yes,HH078,Success,Suspicious,OK
E05,SUB0082,-1.231616,36.848264,2026-04-01 10:03:00,2026-04-01 10:56:00,53,Yes,HH095,Success,Suspicious,OK
E01,SUB0083,-1.295877,36.854958,2026-04-01 16:38:00,2026-04-01 17:22:00,44,Yes,HH093,Success,Suspicious,OK
E04,SUB0084,-1.312386,36.822175,2026-04-01 10:36:00,2026-04-01 11:06:00,30,Yes,HH138,Success,Normal,OK
E04,SUB0085,-1.247427,36.829247,2026-04-01 15:56:00,2026-04-01 16:26:00,30,Yes,HH023,Success,Normal,OK
E03,SUB0086,-1.254952,36.826985,2026-04-01 15:41:00,2026-04-01 15:59:00,18,Yes,HH127,Success,Normal,OK
E03,SUB0087,-1.308788,36.849783,2026-04-01 11:06:00,2026-04-01 11:40:00,34,Yes,HH180,Success,Normal,OK
E03,SUB0088,-1.278337,36.789106,2026-04-01 17:29:00,2026-04-01 17:32:00,3,Yes,HH143,Success,Suspicious,OK
E02,SUB0089,-1.258816,36.814817,2026-04-01 16:07:00,2026-04-01 16:51:00,44,Yes,HH104,Success,Suspicious,OK
E02,SUB0090,-1.271844,36.817326,2026-04-01 13:13:00,2026-04-01 13:58:00,45,Yes,HH191,Success,Suspicious,OK
E05,SUB0091,-1.259715,36.797092,2026-04-01 13:38:00,2026-04-01 14:03:00,25,Yes,HH050,Success,Normal,OK
E03,SUB0092,-1.276414,36.846219,2026-04-01 10:02:00,2026-04-01 10:52:00,50,Yes,HH124,Success,Suspicious,OK
E03,SUB0093,-1.3017,36.780053,2026-04-01 16:57:00,2026-04-01 17:38:00,41,Yes,HH046,Success,Suspicious,OK
E03,SUB0094,-1.276586,36.797431,2026-04-01 08:14:00,2026-04-01 09:02:00,48,No,HH179,Success,Suspicious,Issue
E02,SUB0095,-1.242728,36.827406,2026-04-01 16:22:00,2026-04-01 16:31:00,9,Yes,HH048,Success,Suspicious,OK
E01,SUB0096,-1.282227,36.852212,2026-04-01 12:18:00,2026-04-01 13:16:00,58,Yes,HH162,Success,Suspicious,OK
E01,SUB0097,-1.248886,36.864913,2026-04-01 10:35:00,2026-04-01 10:47:00,12,Yes,HH143,Success,Normal,OK
E04,SUB0098,-1.277743,36.815051,2026-04-01 11:51:00,2026-04-01 12:43:00,52,Yes,HH110,Success,Suspicious,OK
E03,SUB0099,-1.323977,36.866011,2026-04-01 17:42:00,2026-04-01 18:24:00,42,Yes,HH161,Success,Suspicious,OK
E02,SUB0100,-1.321881,36.793987,2026-04-01 12:30:00,2026-04-01 13:15:00,45,Yes,HH105,Success,Suspicious,OK
E04,SUB0101,-1.326736,36.79881,2026-04-01 16:01:00,2026-04-01 16:22:00,21,Yes,HH019,Success,Normal,OK
E02,SUB0102,-1.250875,36.828979,2026-04-01 12:30:00,2026-04-01 13:23:00,53,Yes,HH030,Success,Suspicious,OK
E05,SUB0103,-1.315101,36.796563,2026-04-01 11:50:00,2026-04-01 12:34:00,44,Yes,HH079,Success,Suspicious,OK
E05,SUB0104,-1.286085,36.81687,2026-04-01 17:42:00,2026-04-01 18:03:00,21,Yes,HH070,Success,Normal,OK
E05,SUB0105,-1.286224,36.829804,2026-04-01 17:12:00,2026-04-01 17:46:00,34,Yes,HH155,Success,Normal,OK
E03,SUB0106,-1.307108,36.83743,2026-04-01 08:26:00,2026-04-01 08:34:00,8,Yes,HH006,Success,Suspicious,OK
E03,SUB0107,-1.253689,36.787519,2026-04-01 17:50:00,2026-04-01 17:55:00,5,Yes,HH072,Success,Suspicious,OK
E02,SUB0108,-1.266522,36.819173,2026-04-01 17:59:00,2026-04-01 18:29:00,30,Yes,HH086,Success,Normal,OK
E03,SUB0109,-1.313918,36.811165,2026-04-01 09:47:00,2026-04-01 10:44:00,57,Yes,HH103,Success,Suspicious,OK
E05,SUB0110,-1.321194,36.79524,2026-04-01 08:37:00,2026-04-01 09:09:00,32,Yes,HH132,Success,Normal,OK
E01,SUB0111,-1.288675,36.788758,2026-04-01 17:15:00,2026-04-01 17:47:00,32,Yes,HH161,Success,Normal,OK
E04,SUB0112,-1.303294,36.783101,2026-04-01 08:52:00,2026-04-01 09:08:00,16,Yes,HH125,Success,Normal,OK
E01,SUB0113,-1.269113,36.79393,2026-04-01 08:29:00,2026-04-01 09:12:00,43,Yes,HH142,Success,Suspicious,OK
E04,SUB0114,-1.230774,36.861293,2026-04-01 09:35:00,2026-04-01 09:52:00,17,Yes,HH040,Success,Normal,OK
E04,SUB0115,-1.259459,36.811549,2026-04-01 12:58:00,2026-04-01 13:33:00,35,Yes,HH117,Success,Normal,OK
E05,SUB0116,-1.310939,36.829938,2026-04-01 10:28:00,2026-04-01 10:55:00,27,Yes,HH018,Success,Normal,OK
E03,SUB0117,-1.236575,36.820774,2026-04-01 15:04:00,2026-04-01 15:28:00,24,Yes,HH077,Success,Normal,OK
E05,SUB0118,-1.281036,36.78486,2026-04-01 17:53:00,2026-04-01 18:38:00,45,Yes,HH142,Success,Suspicious,OK
E05,SUB0119,-1.236715,36.85696,2026-04-01 14:26:00,2026-04-01 14:58:00,32,No,HH099,Success,Normal,Issue
E02,SUB0120,-1.298182,36.817298,2026-04-01 15:00:00,2026-04-01 15:05:00,5,Yes,HH170,Success,Suspicious,OK
E02,SUB0121,-1.317375,36.866535,2026-04-01 16:27:00,2026-04-01 16:32:00,5,Yes,HH113,Success,Suspicious,OK
E01,SUB0122,-1.328465,36.784416,2026-04-01 16:58:00,2026-04-01 17:30:00,32,Yes,HH020,Failed,Normal,OK
E04,SUB0123,-1.267674,36.809748,2026-04-01 12:31:00,2026-04-01 12:55:00,24,Yes,HH173,Success,Normal,OK
E05,SUB0124,-1.26732,36.858744,2026-04-01 14:29:00,2026-04-01 14:52:00,23,Yes,HH159,Success,Normal,OK
E01,SUB0125,-1.26156,36.798738,2026-04-01 12:00:00,2026-04-01 12:43:00,43,Yes,HH026,Success,Suspicious,OK
E01,SUB0126,-1.2606,36.860342,2026-04-01 15:34:00,2026-04-01 15:47:00,13,Yes,HH076,Success,Normal,OK
E03,SUB0127,-1.315443,36.823117,2026-04-01 14:23:00,2026-04-01 14:53:00,30,Yes,HH044,Success,Normal,OK
E02,SUB0128,-1.242916,36.831971,2026-04-01 09:20:00,2026-04-01 10:02:00,42,Yes,HH037,Failed,Suspicious,OK
E02,SUB0129,-1.304602,36.795533,2026-04-01 15:52:00,2026-04-01 16:35:00,43,Yes,HH074,Success,Suspicious,OK
E05,SUB0130,-1.285827,36.804557,2026-04-01 10:41:00,2026-04-01 10:48:00,7,Yes,HH109,Success,Suspicious,OK
E03,SUB0131,-1.299788,36.869937,2026-04-01 15:47:00,2026-04-01 16:44:00,57,Yes,HH098,Success,Suspicious,OK
E05,SUB0132,-1.300413,36.839928,2026-04-01 14:07:00,2026-04-01 14:46:00,39,Yes,HH102,Success,Normal,OK
E03,SUB0133,-1.243493,36.847831,2026-04-01 08:08:00,2026-04-01 08:47:00,39,No,HH191,Failed,Normal,Issue
E04,SUB0134,-1.250114,36.830706,2026-04-01 12:53:00,2026-04-01 13:45:00,52,Yes,HH159,Success,Suspicious,OK
E03,SUB0135,-1.320284,36.832746,2026-04-01 10:20:00,2026-04-01 11:03:00,43,Yes,HH009,Success,Suspicious,OK
E05,SUB0136,-1.316859,36.860963,2026-04-01 14:13:00,2026-04-01 15:02:00,49,Yes,HH052,Success,Suspicious,OK
E02,SUB0137,-1.232851,36.823085,2026-04-01 17:12:00,2026-04-01 18:11:00,59,Yes,HH066,Success,Suspicious,OK
E04,SUB0138,-1.24296,36.850423,2026-04-01 13:02:00,2026-04-01 13:52:00,50,Yes,HH194,Success,Suspicious,OK
E02,SUB0139,-1.249541,36.806578,2026-04-01 14:46:00,2026-04-01 15:43:00,57,Yes,HH138,Success,Suspicious,OK
E01,SUB0140,-1.262717,36.837234,2026-04-01 15:45:00,2026-04-01 16:11:00,26,Yes,HH096,Success,Normal,OK
E01,SUB0141,-1.327498,36.858423,2026-04-01 11:59:00,2026-04-01 12:32:00,33,Yes,HH057,Failed,Normal,OK
E01,SUB0142,-1.299781,36.81083,2026-04-01 15:55:00,2026-04-01 16:42:00,47,Yes,HH078,Failed,Suspicious,OK
E04,SUB0143,-1.30652,36.823755,2026-04-01 09:58:00,2026-04-01 10:07:00,9,Yes,HH191,Success,Suspicious,OK
E05,SUB0144,-1.255773,36.785452,2026-04-01 15:09:00,2026-04-01 15:49:00,40,Yes,HH126,Success,Normal,OK
E05,SUB0145,-1.326728,36.807053,2026-04-01 14:57:00,2026-04-01 15:17:00,20,Yes,HH093,Failed,Normal,OK
E01,SUB0146,-1.23983,36.834483,2026-04-01 14:16:00,2026-04-01 14:53:00,37,Yes,HH032,Success,Normal,OK
E04,SUB0147,-1.308789,36.833949,2026-04-01 09:33:00,2026-04-01 10:18:00,45,No,HH086,Success,Suspicious,Issue
E02,SUB0148,-1.273542,36.776861,2026-04-01 10:08:00,2026-04-01 11:01:00,53,Yes,HH056,Success,Suspicious,OK
E02,SUB0149,-1.315245,36.860053,2026-04-01 13:36:00,2026-04-01 14:28:00,52,Yes,HH038,Success,Suspicious,OK
E02,SUB0150,-1.250149,36.780993,2026-04-01 17:13:00,2026-04-01 17:32:00,19,Yes,HH092,Success,Normal,OK
E02,SUB0151,-1.312575,36.77524,2026-04-01 13:31:00,2026-04-01 13:35:00,4,Yes,HH191,Success,Suspicious,OK
E01,SUB0152,-1.252198,36.821324,2026-04-01 16:07:00,2026-04-01 16:38:00,31,Yes,HH158,Success,Normal,OK
E01,SUB0153,-1.284196,36.866403,2026-04-01 16:53:00,2026-04-01 17:15:00,22,Yes,HH103,Success,Normal,OK
E04,SUB0154,-1.25876,36.814356,2026-04-01 09:50:00,2026-04-01 10:24:00,34,Yes,HH038,Success,Normal,OK
E01,SUB0155,-1.267568,36.828536,2026-04-01 10:09:00,2026-04-01 10:29:00,20,Yes,HH153,Success,Normal,OK
E05,SUB0156,-1.279445,36.81302,2026-04-01 13:01:00,2026-04-01 13:33:00,32,Yes,HH168,Success,Normal,OK
E05,SUB0157,-1.284845,36.792849,2026-04-01 11:40:00,2026-04-01 12:10:00,30,Yes,HH107,Success,Normal,OK
E01,SUB0158,-1.298748,36.795489,2026-04-01 13:20:00,2026-04-01 13:50:00,30,No,HH122,Success,Normal,Issue
E01,SUB0159,-1.321464,36.813188,2026-04-01 09:33:00,2026-04-01 10:29:00,56,Yes,HH034,Success,Suspicious,OK
E05,SUB0160,-1.234338,36.826168,2026-04-01 09:01:00,2026-04-01 09:41:00,40,Yes,HH171,Success,Normal,OK
E04,SUB0161,-1.269959,36.805165,2026-04-01 08:52:00,2026-04-01 09:13:00,21,Yes,HH169,Success,Normal,OK
E04,SUB0162,-1.319178,36.854537,2026-04-01 11:49:00,2026-04-01 12:46:00,57,Yes,HH147,Success,Suspicious,OK
E02,SUB0163,-1.273903,36.846743,2026-04-01 15:19:00,2026-04-01 16:16:00,57,Yes,HH143,Success,Suspicious,OK
E01,SUB0164,-1.311958,36.84027,2026-04-01 12:33:00,2026-04-01 12:37:00,4,Yes,HH002,Success,Suspicious,OK
E02,SUB0165,-1.264266,36.776959,2026-04-01 10:26:00,2026-04-01 11:05:00,39,Yes,HH024,Failed,Normal,OK
E05,SUB0166,-1.288017,36.80409,2026-04-01 11:40:00,2026-04-01 12:07:00,27,Yes,HH199,Success,Normal,OK
E05,SUB0167,-1.324739,36.785741,2026-04-01 09:26:00,2026-04-01 10:25:00,59,Yes,HH070,Success,Suspicious,OK
E04,SUB0168,-1.269292,36.811418,2026-04-01 15:14:00,2026-04-01 15:48:00,34,Yes,HH089,Success,Normal,OK
E04,SUB0169,-1.262178,36.829313,2026-04-01 09:53:00,2026-04-01 10:14:00,21,Yes,HH057,Success,Normal,OK
E04,SUB0170,-1.309558,36.864532,2026-04-01 08:56:00,2026-04-01 08:59:00,3,Yes,HH075,Success,Suspicious,OK
E03,SUB0171,-1.280261,36.813066,2026-04-01 10:02:00,2026-04-01 10:05:00,3,Yes,HH059,Success,Suspicious,OK
E05,SUB0172,-1.263195,36.805417,2026-04-01 17:32:00,2026-04-01 18:28:00,56,Yes,HH112,Success,Suspicious,OK
E01,SUB0173,-1.243789,36.827576,2026-04-01 15:50:00,2026-04-01 15:57:00,7,Yes,HH107,Success,Suspicious,OK
E03,SUB0174,-1.327914,36.802477,2026-04-01 09:57:00,2026-04-01 10:25:00,28,Yes,HH177,Success,Normal,OK
E03,SUB0175,-1.245552,36.794332,2026-04-01 09:30:00,2026-04-01 10:00:00,30,Yes,HH102,Success,Normal,OK
E03,SUB0176,-1.296693,36.786813,2026-04-01 13:47:00,2026-04-01 14:04:00,17,Yes,HH131,Success,Normal,OK
E02,SUB0177,-1.257262,36.851895,2026-04-01 13:57:00,2026-04-01 14:22:00,25,Yes,HH038,Success,Normal,OK
E03,SUB0178,-1.26976,36.846022,2026-04-01 11:22:00,2026-04-01 11:36:00,14,Yes,HH198,Success,Normal,OK
E04,SUB0179,-1.273626,36.827947,2026-04-01 15:55:00,2026-04-01 16:46:00,51,Yes,HH165,Success,Suspicious,OK
E05,SUB0180,-1.232903,36.801614,2026-04-01 13:30:00,2026-04-01 14:28:00,58,Yes,HH162,Success,Suspicious,OK
E03,SUB0181,-1.324383,36.820734,2026-04-01 12:41:00,2026-04-01 13:21:00,40,Yes,HH015,Success,Normal,OK
E03,SUB0182,-1.265533,36.867737,2026-04-01 12:53:00,2026-04-01 13:00:00,7,Yes,HH099,Success,Suspicious,OK
E04,SUB0183,-1.234577,36.843892,2026-04-01 17:54:00,2026-04-01 18:32:00,38,Yes,HH147,Failed,Normal,OK
E02,SUB0184,-1.282437,36.785086,2026-04-01 13:29:00,2026-04-01 14:10:00,41,Yes,HH088,Success,Suspicious,OK
E01,SUB0185,-1.312744,36.794774,2026-04-01 16:36:00,2026-04-01 17:20:00,44,Yes,HH134,Success,Suspicious,OK
E05,SUB0186,-1.292715,36.798289,2026-04-01 10:42:00,2026-04-01 11:08:00,26,Yes,HH154,Success,Normal,OK
E01,SUB0187,-1.297031,36.825796,2026-04-01 13:42:00,2026-04-01 13:49:00,7,Yes,HH169,Success,Suspicious,OK
E05,SUB0188,-1.32185,36.836361,2026-04-01 10:33:00,2026-04-01 10:57:00,24,Yes,HH168,Success,Normal,OK
E04,SUB0189,-1.259117,36.778472,2026-04-01 10:12:00,2026-04-01 10:53:00,41,Yes,HH085,Success,Suspicious,OK
E02,SUB0190,-1.265398,36.812341,2026-04-01 16:59:00,2026-04-01 17:07:00,8,Yes,HH047,Success,Suspicious,OK
E02,SUB0191,-1.281373,36.792654,2026-04-01 13:49:00,2026-04-01 14:41:00,52,Yes,HH026,Success,Suspicious,OK
E05,SUB0192,-1.256136,36.822653,2026-04-01 17:12:00,2026-04-01 18:08:00,56,Yes,HH159,Success,Suspicious,OK
E02,SUB0193,-1.313775,36.853135,2026-04-01 14:25:00,2026-04-01 14:37:00,12,Yes,HH043,Success,Normal,OK
E04,SUB0194,-1.29357,36.841959,2026-04-01 08:44:00,2026-04-01 09:13:00,29,No,HH193,Success,Normal,Issue
E04,SUB0195,-1.306083,36.86656,2026-04-01 11:59:00,2026-04-01 12:36:00,37,Yes,HH050,Failed,Normal,OK
E03,SUB0196,-1.283832,36.798177,2026-04-01 17:44:00,2026-04-01 18:15:00,31,Yes,HH042,Success,Normal,OK
E02,SUB0197,-1.305,36.834118,2026-04-01 10:21:00,2026-04-01 11:19:00,58,Yes,HH027,Success,Suspicious,OK
E05,SUB0198,-1.321612,36.786031,2026-04-01 10:07:00,2026-04-01 10:28:00,21,Yes,HH112,Success,Normal,OK
E01,SUB0199,-1.284887,36.804959,2026-04-01 11:47:00,2026-04-01 12:42:00,55,Yes,HH129,Success,Suspicious,OK
E03,SUB0200,-1.230547,36.807491,2026-04-01 12:01:00,2026-04-01 12:28:00,27,Yes,HH183,Failed,Normal,OK
E03,SUB0201,-1.32617,36.86174,2026-04-01 10:29:00,2026-04-01 10:40:00,11,Yes,HH195,Success,Normal,OK
E04,SUB0202,-1.329475,36.777923,2026-04-01 15:39:00,2026-04-01 16:21:00,42,Yes,HH141,Success,Suspicious,OK
E05,SUB0203,-1.318881,36.79881,2026-04-01 17:00:00,2026-04-01 17:30:00,30,Yes,HH108,Success,Normal,OK
E05,SUB0204,-1.318914,36.860515,2026-04-01 15:48:00,2026-04-01 15:55:00,7,Yes,HH132,Success,Suspicious,OK
E05,SUB0205,-1.315642,36.812924,2026-04-01 12:07:00,2026-04-01 12:55:00,48,Yes,HH107,Success,Suspicious,OK
E02,SUB0206,-1.232535,36.776768,2026-04-01 09:27:00,2026-04-01 10:03:00,36,Yes,HH130,Success,Normal,OK
E05,SUB0207,-1.242667,36.774353,2026-04-01 08:20:00,2026-04-01 08:47:00,27,Yes,HH192,Success,Normal,OK
E01,SUB0208,-1.323244,36.794113,2026-04-01 14:05:00,2026-04-01 14:58:00,53,Yes,HH149,Success,Suspicious,OK
E03,SUB0209,-1.29477,36.803855,2026-04-01 10:16:00,2026-04-01 10:21:00,5,Yes,HH176,Success,Suspicious,OK
E04,SUB0210,-1.311772,36.783485,2026-04-01 16:10:00,2026-04-01 16:53:00,43,Yes,HH010,Failed,Suspicious,OK
E03,SUB0211,-1.250889,36.858579,2026-04-01 11:26:00,2026-04-01 11:31:00,5,Yes,HH102,Success,Suspicious,OK
E05,SUB0212,-1.326338,36.83469,2026-04-01 16:04:00,2026-04-01 16:23:00,19,Yes,HH013,Success,Normal,OK
E03,SUB0213,-1.250066,36.813695,2026-04-01 12:39:00,2026-04-01 12:49:00,10,Yes,HH099,Success,Normal,OK
E03,SUB0214,-1.260793,36.806735,2026-04-01 11:11:00,2026-04-01 11:45:00,34,Yes,HH022,Success,Normal,OK
E04,SUB0215,-1.269755,36.852234,2026-04-01 09:20:00,2026-04-01 09:50:00,30,Yes,HH021,Success,Normal,OK
E03,SUB0216,-1.285408,36.841766,2026-04-01 13:02:00,2026-04-01 13:24:00,22,Yes,HH115,Success,Normal,OK
E01,SUB0217,-1.230185,36.797456,2026-04-01 14:01:00,2026-04-01 14:43:00,42,No,HH020,Failed,Suspicious,Issue
E04,SUB0218,-1.24989,36.837941,2026-04-01 14:12:00,2026-04-01 14:47:00,35,No,HH156,Success,Normal,Issue
E04,SUB0219,-1.323277,36.847852,2026-04-01 08:35:00,2026-04-01 08:46:00,11,Yes,HH146,Success,Normal,OK
E01,SUB0220,-1.285008,36.807096,2026-04-01 10:37:00,2026-04-01 11:23:00,46,Yes,HH036,Success,Suspicious,OK
E05,SUB0221,-1.298561,36.797869,2026-04-01 14:15:00,2026-04-01 14:43:00,28,No,HH048,Success,Normal,Issue
E04,SUB0222,-1.238646,36.781776,2026-04-01 16:50:00,2026-04-01 17:17:00,27,Yes,HH055,Success,Normal,OK
E05,SUB0223,-1.238352,36.81912,2026-04-01 12:52:00,2026-04-01 13:39:00,47,Yes,HH116,Success,Suspicious,OK
E02,SUB0224,-1.248949,36.866756,2026-04-01 15:35:00,2026-04-01 15:43:00,8,No,HH182,Success,Suspicious,Issue
E01,SUB0225,-1.300964,36.799996,2026-04-01 17:23:00,2026-04-01 18:00:00,37,Yes,HH180,Success,Normal,OK
E02,SUB0226,-1.307576,36.868513,2026-04-01 14:10:00,2026-04-01 14:45:00,35,Yes,HH127,Success,Normal,OK
E01,SUB0227,-1.272772,36.816741,2026-04-01 14:09:00,2026-04-01 14:47:00,38,No,HH023,Success,Normal,Issue
E01,SUB0228,-1.23004,36.841887,2026-04-01 13:16:00,2026-04-01 13:44:00,28,Yes,HH148,Success,Normal,OK
E01,SUB0229,-1.265766,36.814997,2026-04-01 10:08:00,2026-04-01 10:31:00,23,Yes,HH200,Success,Normal,OK
E05,SUB0230,-1.233374,36.813262,2026-04-01 11:06:00,2026-04-01 11:58:00,52,Yes,HH032,Success,Suspicious,OK
E05,SUB0231,-1.313534,36.802266,2026-04-01 10:36:00,2026-04-01 10:58:00,22,Yes,HH133,Success,Normal,OK
E03,SUB0232,-1.31037,36.865635,2026-04-01 09:20:00,2026-04-01 09:39:00,19,Yes,HH158,Success,Normal,OK
E05,SUB0233,-1.265901,36.829181,2026-04-01 09:35:00,2026-04-01 10:10:00,35,Yes,HH160,Success,Normal,OK
E05,SUB0234,-1.237607,36.774119,2026-04-01 13:45:00,2026-04-01 14:41:00,56,Yes,HH165,Success,Suspicious,OK
E05,SUB0235,-1.308919,36.827214,2026-04-01 12:31:00,2026-04-01 13:15:00,44,Yes,HH161,Success,Suspicious,OK
E05,SUB0236,-1.234335,36.818294,2026-04-01 12:56:00,2026-04-01 13:40:00,44,Yes,HH077,Success,Suspicious,OK
E04,SUB0237,-1.324009,36.813961,2026-04-01 09:14:00,2026-04-01 10:01:00,47,Yes,HH156,Success,Suspicious,OK
E02,SUB0238,-1.258164,36.84342,2026-04-01 13:20:00,2026-04-01 14:18:00,58,Yes,HH034,Failed,Suspicious,OK
E03,SUB0239,-1.319382,36.794174,2026-04-01 16:47:00,2026-04-01 17:25:00,38,Yes,HH037,Success,Normal,OK
E01,SUB0240,-1.235462,36.856416,2026-04-01 08:51:00,2026-04-01 09:12:00,21,Yes,HH041,Failed,Normal,OK
E03,SUB0241,-1.298729,36.846312,2026-04-01 17:51:00,2026-04-01 18:40:00,49,Yes,HH128,Success,Suspicious,OK
E03,SUB0242,-1.320995,36.809324,2026-04-01 16:29:00,2026-04-01 16:33:00,4,Yes,HH150,Success,Suspicious,OK
E03,SUB0243,-1.301864,36.829752,2026-04-01 08:49:00,2026-04-01 08:55:00,6,Yes,HH074,Success,Suspicious,OK
E05,SUB0244,-1.31925,36.783393,2026-04-01 08:08:00,2026-04-01 09:05:00,57,Yes,HH104,Success,Suspicious,OK
E03,SUB0245,-1.324884,36.826182,2026-04-01 08:46:00,2026-04-01 09:14:00,28,Yes,HH099,Success,Normal,OK
E05,SUB0246,-1.275014,36.852531,2026-04-01 15:41:00,2026-04-01 16:32:00,51,Yes,HH033,Success,Suspicious,OK
E01,SUB0247,-1.25051,36.803909,2026-04-01 14:43:00,2026-04-01 15:09:00,26,Yes,HH051,Success,Normal,OK
E05,SUB0248,-1.279992,36.77453,2026-04-01 16:41:00,2026-04-01 17:09:00,28,Yes,HH122,Success,Normal,OK
E05,SUB0249,-1.269374,36.821551,2026-04-01 15:47:00,2026-04-01 15:59:00,12,Yes,HH042,Success,Normal,OK
E04,SUB0250,-1.296363,36.852829,2026-04-01 13:06:00,2026-04-01 13:46:00,40,Yes,HH077,Success,Normal,OK
E04,SUB0251,-1.296876,36.78096,2026-04-01 08:17:00,2026-04-01 08:43:00,26,Yes,HH186,Success,Normal,OK
E01,SUB0252,-1.233293,36.84829,2026-04-01 16:05:00,2026-04-01 16:24:00,19,Yes,HH185,Success,Normal,OK
E01,SUB0253,-1.312949,36.832903,2026-04-01 17:57:00,2026-04-01 18:30:00,33,Yes,HH038,Success,Normal,OK
E02,SUB0254,-1.235179,36.78099,2026-04-01 08:32:00,2026-04-01 09:11:00,39,Yes,HH039,Success,Normal,OK
E04,SUB0255,-1.279818,36.831148,2026-04-01 11:28:00,2026-04-01 11:57:00,29,Yes,HH187,Success,Normal,OK
E01,SUB0256,-1.309266,36.802505,2026-04-01 10:21:00,2026-04-01 10:57:00,36,Yes,HH081,Success,Normal,OK
E02,SUB0257,-1.295767,36.805429,2026-04-01 15:50:00,2026-04-01 16:27:00,37,Yes,HH165,Success,Normal,OK
E03,SUB0258,-1.234266,36.797901,2026-04-01 16:15:00,2026-04-01 16:30:00,15,Yes,HH077,Failed,Normal,OK
E03,SUB0259,-1.259501,36.801704,2026-04-01 11:32:00,2026-04-01 12:19:00,47,Yes,HH185,Failed,Suspicious,OK
E03,SUB0260,-1.272652,36.824319,2026-04-01 12:54:00,2026-04-01 13:04:00,10,Yes,HH089,Success,Normal,OK
E02,SUB0261,-1.301237,36.841414,2026-04-01 12:57:00,2026-04-01 13:02:00,5,Yes,HH066,Success,Suspicious,OK
E04,SUB0262,-1.247205,36.797113,2026-04-01 11:39:00,2026-04-01 11:54:00,15,Yes,HH028,Success,Normal,OK
E05,SUB0263,-1.305754,36.836983,2026-04-01 18:00:00,2026-04-01 18:18:00,18,Yes,HH014,Success,Normal,OK
E01,SUB0264,-1.258264,36.780054,2026-04-01 15:03:00,2026-04-01 15:27:00,24,Yes,HH141,Success,Normal,OK
E02,SUB0265,-1.236497,36.85784,2026-04-01 14:56:00,2026-04-01 15:40:00,44,Yes,HH074,Success,Suspicious,OK
E03,SUB0266,-1.324084,36.846872,2026-04-01 12:52:00,2026-04-01 13:36:00,44,Yes,HH190,Success,Suspicious,OK
E01,SUB0267,-1.241776,36.787579,2026-04-01 10:59:00,2026-04-01 11:28:00,29,Yes,HH102,Failed,Normal,OK
E04,SUB0268,-1.233787,36.862604,2026-04-01 11:10:00,2026-04-01 12:00:00,50,Yes,HH146,Success,Suspicious,OK
E05,SUB0269,-1.301544,36.86891,2026-04-01 09:49:00,2026-04-01 10:13:00,24,Yes,HH035,Success,Normal,OK
E05,SUB0270,-1.310719,36.781265,2026-04-01 15:59:00,2026-04-01 16:19:00,20,Yes,HH066,Success,Normal,OK
E02,SUB0271,-1.296289,36.799502,2026-04-01 08:14:00,2026-04-01 09:04:00,50,Yes,HH157,Success,Suspicious,OK
E04,SUB0272,-1.297207,36.810083,2026-04-01 15:17:00,2026-04-01 15:52:00,35,Yes,HH123,Failed,Normal,OK
E03,SUB0273,-1.303921,36.793552,2026-04-01 12:14:00,2026-04-01 12:17:00,3,Yes,HH078,Failed,Suspicious,OK
E05,SUB0274,-1.303845,36.805955,2026-04-01 17:46:00,2026-04-01 17:49:00,3,Yes,HH120,Success,Suspicious,OK
E03,SUB0275,-1.261393,36.862311,2026-04-01 10:43:00,2026-04-01 11:11:00,28,Yes,HH177,Success,Normal,OK
E01,SUB0276,-1.268537,36.791913,2026-04-01 13:02:00,2026-04-01 13:28:00,26,Yes,HH192,Success,Normal,OK
E05,SUB0277,-1.259806,36.86128,2026-04-01 14:22:00,2026-04-01 14:51:00,29,Yes,HH056,Success,Normal,OK
E02,SUB0278,-1.285325,36.840377,2026-04-01 09:23:00,2026-04-01 09:59:00,36,Yes,HH016,Success,Normal,OK
E05,SUB0279,-1.27273,36.784985,2026-04-01 16:37:00,2026-04-01 16:52:00,15,Yes,HH030,Success,Normal,OK
E02,SUB0280,-1.320906,36.821038,2026-04-01 17:57:00,2026-04-01 18:31:00,34,Yes,HH132,Success,Normal,OK
E04,SUB0281,-1.324226,36.816238,2026-04-01 15:47:00,2026-04-01 16:26:00,39,Yes,HH102,Success,Normal,OK
E03,SUB0282,-1.30821,36.777303,2026-04-01 08:03:00,2026-04-01 08:53:00,50,Yes,HH139,Success,Suspicious,OK
E01,SUB0283,-1.326827,36.810887,2026-04-01 09:10:00,2026-04-01 09:43:00,33,Yes,HH187,Success,Normal,OK
E04,SUB0284,-1.291752,36.856962,2026-04-01 14:23:00,2026-04-01 15:23:00,60,Yes,HH175,Success,Suspicious,OK
E05,SUB0285,-1.243971,36.781863,2026-04-01 10:16:00,2026-04-01 11:00:00,44,No,HH033,Success,Suspicious,Issue
E02,SUB0286,-1.327726,36.799836,2026-04-01 08:03:00,2026-04-01 08:54:00,51,Yes,HH137,Success,Suspicious,OK
E04,SUB0287,-1.283937,36.785512,2026-04-01 11:55:00,2026-04-01 12:13:00,18,Yes,HH196,Success,Normal,OK
E01,SUB0288,-1.26398,36.831492,2026-04-01 08:32:00,2026-04-01 09:26:00,54,Yes,HH062,Success,Suspicious,OK
E02,SUB0289,-1.270606,36.814644,2026-04-01 09:08:00,2026-04-01 09:17:00,9,Yes,HH063,Success,Suspicious,OK
E01,SUB0290,-1.306566,36.791727,2026-04-01 14:51:00,2026-04-01 15:22:00,31,Yes,HH129,Success,Normal,OK
E03,SUB0291,-1.23836,36.827611,2026-04-01 11:59:00,2026-04-01 12:54:00,55,Yes,HH083,Success,Suspicious,OK
E02,SUB0292,-1.315674,36.836021,2026-04-01 13:09:00,2026-04-01 14:08:00,59,Yes,HH016,Success,Suspicious,OK
E05,SUB0293,-1.262125,36.825585,2026-04-01 10:59:00,2026-04-01 11:42:00,43,Yes,HH165,Success,Suspicious,OK
E04,SUB0294,-1.260369,36.810826,2026-04-01 16:57:00,2026-04-01 17:20:00,23,Yes,HH138,Success,Normal,OK
E04,SUB0295,-1.307466,36.855754,2026-04-01 12:06:00,2026-04-01 13:03:00,57,Yes,HH015,Success,Suspicious,OK
E05,SUB0296,-1.274271,36.783409,2026-04-01 15:02:00,2026-04-01 15:31:00,29,Yes,HH166,Success,Normal,OK
E01,SUB0297,-1.292892,36.823564,2026-04-01 15:40:00,2026-04-01 16:37:00,57,Yes,HH097,Success,Suspicious,OK
E05,SUB0298,-1.322722,36.850465,2026-04-01 08:40:00,2026-04-01 09:38:00,58,Yes,HH056,Success,Suspicious,OK
E04,SUB0299,-1.239297,36.800319,2026-04-01 11:33:00,2026-04-01 12:31:00,58,Yes,HH049,Success,Suspicious,OK
E01,SUB0300,-1.260437,36.840377,2026-04-01 16:10:00,2026-04-01 16:28:00,18,Yes,HH083,Success,Normal,OK
E03,SUB0301,-1.276635,36.805926,2026-04-01 14:29:00,2026-04-01 15:01:00,32,Yes,HH128,Success,Normal,OK
E04,SUB0302,-1.231868,36.816949,2026-04-01 09:40:00,2026-04-01 10:34:00,54,Yes,HH095,Failed,Suspicious,OK
E03,SUB0303,-1.273748,36.792127,2026-04-01 15:03:00,2026-04-01 15:08:00,5,Yes,HH150,Success,Suspicious,OK
E05,SUB0304,-1.314759,36.802987,2026-04-01 15:07:00,2026-04-01 15:28:00,21,Yes,HH128,Success,Normal,OK
E05,SUB0305,-1.253664,36.818862,2026-04-01 13:45:00,2026-04-01 14:04:00,19,Yes,HH118,Success,Normal,OK
E02,SUB0306,-1.316004,36.824655,2026-04-01 14:00:00,2026-04-01 14:13:00,13,Yes,HH165,Success,Normal,OK
E01,SUB0307,-1.246093,36.777433,2026-04-01 16:56:00,2026-04-01 17:01:00,5,Yes,HH002,Success,Suspicious,OK
E04,SUB0308,-1.26693,36.776797,2026-04-01 10:20:00,2026-04-01 11:16:00,56,Yes,HH117,Success,Suspicious,OK
E03,SUB0309,-1.266227,36.86339,2026-04-01 09:01:00,2026-04-01 09:43:00,42,Yes,HH005,Success,Suspicious,OK
E01,SUB0310,-1.288866,36.771673,2026-04-01 17:04:00,2026-04-01 17:42:00,38,Yes,HH074,Success,Normal,OK
E01,SUB0311,-1.260214,36.813057,2026-04-01 16:34:00,2026-04-01 17:29:00,55,Yes,HH025,Success,Suspicious,OK
E05,SUB0312,-1.310807,36.822646,2026-04-01 10:32:00,2026-04-01 10:50:00,18,Yes,HH102,Success,Normal,OK
E01,SUB0313,-1.2841,36.794321,2026-04-01 14:22:00,2026-04-01 14:50:00,28,Yes,HH021,Success,Normal,OK
E01,SUB0314,-1.292074,36.82527,2026-04-01 09:35:00,2026-04-01 10:03:00,28,Yes,HH044,Success,Normal,OK
E01,SUB0315,-1.286609,36.848438,2026-04-01 16:31:00,2026-04-01 17:28:00,57,Yes,HH025,Success,Suspicious,OK
E05,SUB0316,-1.308858,36.856812,2026-04-01 08:43:00,2026-04-01 09:00:00,17,Yes,HH012,Success,Normal,OK
E01,SUB0317,-1.275697,36.835811,2026-04-01 12:47:00,2026-04-01 13:47:00,60,Yes,HH005,Success,Suspicious,OK
E02,SUB0318,-1.247931,36.85209,2026-04-01 10:27:00,2026-04-01 11:18:00,51,Yes,HH145,Success,Suspicious,OK
E02,SUB0319,-1.245056,36.837703,2026-04-01 17:40:00,2026-04-01 18:36:00,56,Yes,HH190,Success,Suspicious,OK
E02,SUB0320,-1.255454,36.804586,2026-04-01 09:20:00,2026-04-01 09:55:00,35,Yes,HH020,Success,Normal,OK
E03,SUB0321,-1.297362,36.833412,2026-04-01 14:46:00,2026-04-01 15:38:00,52,Yes,HH059,Success,Suspicious,OK
E03,SUB0322,-1.286815,36.837969,2026-04-01 17:26:00,2026-04-01 17:53:00,27,Yes,HH159,Success,Normal,OK
E03,SUB0323,-1.322649,36.796797,2026-04-01 12:12:00,2026-04-01 13:00:00,48,Yes,HH040,Success,Suspicious,OK
E04,SUB0324,-1.319345,36.77052,2026-04-01 13:24:00,2026-04-01 13:50:00,26,Yes,HH070,Success,Normal,OK
E01,SUB0325,-1.311261,36.814884,2026-04-01 10:15:00,2026-04-01 10:23:00,8,Yes,HH007,Success,Suspicious,OK
E01,SUB0326,-1.320694,36.829804,2026-04-01 14:02:00,2026-04-01 14:40:00,38,Yes,HH075,Success,Normal,OK
E04,SUB0327,-1.32153,36.860114,2026-04-01 14:37:00,2026-04-01 15:29:00,52,Yes,HH147,Failed,Suspicious,OK
E05,SUB0328,-1.291927,36.783884,2026-04-01 10:53:00,2026-04-01 11:39:00,46,Yes,HH017,Success,Suspicious,OK
E02,SUB0329,-1.28789,36.818423,2026-04-01 15:25:00,2026-04-01 15:45:00,20,Yes,HH064,Success,Normal,OK
E04,SUB0330,-1.319303,36.800466,2026-04-01 11:20:00,2026-04-01 11:52:00,32,Yes,HH159,Success,Normal,OK
E04,SUB0331,-1.296526,36.851548,2026-04-01 13:37:00,2026-04-01 14:08:00,31,Yes,HH035,Failed,Normal,OK
E03,SUB0332,-1.235272,36.790085,2026-04-01 13:28:00,2026-04-01 14:09:00,41,Yes,HH082,Failed,Suspicious,OK
E03,SUB0333,-1.251803,36.802589,2026-04-01 16:22:00,2026-04-01 17:01:00,39,Yes,HH094,Success,Normal,OK
E01,SUB0334,-1.270777,36.824563,2026-04-01 17:37:00,2026-04-01 17:52:00,15,Yes,HH187,Success,Normal,OK
E04,SUB0335,-1.250231,36.853128,2026-04-01 11:34:00,2026-04-01 12:05:00,31,Yes,HH105,Success,Normal,OK
E04,SUB0336,-1.299717,36.795268,2026-04-01 10:22:00,2026-04-01 11:05:00,43,Yes,HH097,Success,Suspicious,OK
E01,SUB0337,-1.282077,36.810081,2026-04-01 15:39:00,2026-04-01 16:20:00,41,Yes,HH178,Failed,Suspicious,OK
E04,SUB0338,-1.250928,36.805953,2026-04-01 17:16:00,2026-04-01 17:21:00,5,Yes,HH164,Success,Suspicious,OK
E01,SUB0339,-1.305177,36.836469,2026-04-01 09:51:00,2026-04-01 10:43:00,52,Yes,HH145,Success,Suspicious,OK
E04,SUB0340,-1.286954,36.771055,2026-04-01 13:39:00,2026-04-01 14:32:00,53,Yes,HH133,Success,Suspicious,OK
E05,SUB0341,-1.272476,36.814578,2026-04-01 17:54:00,2026-04-01 18:41:00,47,Yes,HH151,Success,Suspicious,OK
E05,SUB0342,-1.23023,36.818277,2026-04-01 10:34:00,2026-04-01 10:59:00,25,Yes,HH022,Failed,Normal,OK
E01,SUB0343,-1.298811,36.815533,2026-04-01 10:25:00,2026-04-01 10:50:00,25,Yes,HH122,Success,Normal,OK
E01,SUB0344,-1.260324,36.801891,2026-04-01 15:28:00,2026-04-01 16:17:00,49,Yes,HH030,Success,Suspicious,OK
E01,SUB0345,-1.319064,36.850005,2026-04-01 13:51:00,2026-04-01 14:35:00,44,Yes,HH133,Success,Suspicious,OK
E02,SUB0346,-1.296901,36.812637,2026-04-01 17:25:00,2026-04-01 17:38:00,13,Yes,HH162,Success,Normal,OK
E02,SUB0347,-1.264269,36.809558,2026-04-01 11:10:00,2026-04-01 11:53:00,43,Yes,HH116,Success,Suspicious,OK
E05,SUB0348,-1.329555,36.79148,2026-04-01 15:19:00,2026-04-01 15:46:00,27,Yes,HH017,Success,Normal,OK
E05,SUB0349,-1.242802,36.788696,2026-04-01 09:44:00,2026-04-01 10:38:00,54,Yes,HH068,Success,Suspicious,OK
E04,SUB0350,-1.29866,36.808864,2026-04-01 17:00:00,2026-04-01 17:43:00,43,Yes,HH091,Success,Suspicious,OK
E04,SUB0351,-1.262641,36.850061,2026-04-01 10:56:00,2026-04-01 11:51:00,55,Yes,HH173,Success,Suspicious,OK
E02,SUB0352,-1.306143,36.781695,2026-04-01 13:20:00,2026-04-01 13:30:00,10,Yes,HH100,Success,Normal,OK
E04,SUB0353,-1.291629,36.788575,2026-04-01 10:21:00,2026-04-01 11:00:00,39,Yes,HH166,Success,Normal,OK
E02,SUB0354,-1.281036,36.78403,2026-04-01 17:28:00,2026-04-01 17:41:00,13,Yes,HH014,Success,Normal,OK
E03,SUB0355,-1.316347,36.851522,2026-04-01 08:09:00,2026-04-01 08:43:00,34,No,HH127,Success,Normal,Issue
E04,SUB0356,-1.258986,36.814385,2026-04-01 16:23:00,2026-04-01 16:52:00,29,Yes,HH195,Success,Normal,OK
E02,SUB0357,-1.302515,36.823761,2026-04-01 12:59:00,2026-04-01 13:04:00,5,Yes,HH191,Success,Suspicious,OK
E04,SUB0358,-1.318679,36.781421,2026-04-01 17:22:00,2026-04-01 17:57:00,35,Yes,HH094,Success,Normal,OK
E05,SUB0359,-1.258102,36.824635,2026-04-01 08:42:00,2026-04-01 09:33:00,51,No,HH168,Success,Suspicious,Issue
E02,SUB0360,-1.230069,36.814973,2026-04-01 13:04:00,2026-04-01 14:02:00,58,Yes,HH113,Success,Suspicious,OK
E01,SUB0361,-1.24893,36.828792,2026-04-01 12:02:00,2026-04-01 12:18:00,16,Yes,HH162,Success,Normal,OK
E04,SUB0362,-1.316077,36.790662,2026-04-01 10:49:00,2026-04-01 11:31:00,42,Yes,HH090,Success,Suspicious,OK
E05,SUB0363,-1.276123,36.802365,2026-04-01 12:47:00,2026-04-01 13:28:00,41,Yes,HH069,Success,Suspicious,OK
E05,SUB0364,-1.233723,36.848569,2026-04-01 09:37:00,2026-04-01 09:48:00,11,Yes,HH168,Failed,Normal,OK
E02,SUB0365,-1.315376,36.80221,2026-04-01 10:15:00,2026-04-01 10:33:00,18,Yes,HH101,Success,Normal,OK
E04,SUB0366,-1.26676,36.832781,2026-04-01 10:25:00,2026-04-01 11:04:00,39,Yes,HH197,Success,Normal,OK
E01,SUB0367,-1.25502,36.83947,2026-04-01 14:52:00,2026-04-01 15:27:00,35,Yes,HH125,Success,Normal,OK
E03,SUB0368,-1.243109,36.854717,2026-04-01 17:55:00,2026-04-01 17:58:00,3,Yes,HH163,Failed,Suspicious,OK
E03,SUB0369,-1.276558,36.791783,2026-04-01 09:04:00,2026-04-01 09:57:00,53,Yes,HH069,Success,Suspicious,OK
E03,SUB0370,-1.275269,36.783059,2026-04-01 12:50:00,2026-04-01 13:14:00,24,Yes,HH175,Success,Normal,OK
E01,SUB0371,-1.267382,36.85367,2026-04-01 08:47:00,2026-04-01 08:56:00,9,Yes,HH041,Failed,Suspicious,OK
E04,SUB0372,-1.230816,36.81278,2026-04-01 15:47:00,2026-04-01 15:50:00,3,No,HH167,Failed,Suspicious,Issue
E03,SUB0373,-1.236727,36.797402,2026-04-01 10:42:00,2026-04-01 11:40:00,58,Yes,HH096,Success,Suspicious,OK
E02,SUB0374,-1.26744,36.842599,2026-04-01 08:53:00,2026-04-01 09:21:00,28,Yes,HH024,Success,Normal,OK
E01,SUB0375,-1.282319,36.78327,2026-04-01 08:01:00,2026-04-01 08:17:00,16,Yes,HH003,Success,Normal,OK
E01,SUB0376,-1.317941,36.856034,2026-04-01 13:51:00,2026-04-01 14:46:00,55,Yes,HH059,Success,Suspicious,OK
E04,SUB0377,-1.249404,36.78032,2026-04-01 09:31:00,2026-04-01 10:20:00,49,Yes,HH098,Success,Suspicious,OK
E02,SUB0378,-1.276949,36.770847,2026-04-01 10:26:00,2026-04-01 10:33:00,7,Yes,HH185,Success,Suspicious,OK
E02,SUB0379,-1.268392,36.814238,2026-04-01 10:35:00,2026-04-01 11:04:00,29,Yes,HH036,Success,Normal,OK
E01,SUB0380,-1.233675,36.80145,2026-04-01 14:33:00,2026-04-01 14:58:00,25,Yes,HH022,Success,Normal,OK
E02,SUB0381,-1.269999,36.830759,2026-04-01 17:26:00,2026-04-01 18:07:00,41,Yes,HH169,Success,Suspicious,OK
E03,SUB0382,-1.269307,36.788865,2026-04-01 11:30:00,2026-04-01 12:06:00,36,Yes,HH062,Success,Normal,OK
E04,SUB0383,-1.305892,36.833808,2026-04-01 14:35:00,2026-04-01 14:45:00,10,Yes,HH004,Success,Normal,OK
E03,SUB0384,-1.291316,36.853897,2026-04-01 13:24:00,2026-04-01 13:35:00,11,Yes,HH045,Success,Normal,OK
E04,SUB0385,-1.271264,36.771379,2026-04-01 09:14:00,2026-04-01 09:18:00,4,Yes,HH102,Failed,Suspicious,OK
E05,SUB0386,-1.258737,36.846711,2026-04-01 12:53:00,2026-04-01 13:36:00,43,Yes,HH164,Success,Suspicious,OK
E05,SUB0387,-1.314732,36.77836,2026-04-01 17:10:00,2026-04-01 17:52:00,42,Yes,HH040,Failed,Suspicious,OK
E05,SUB0388,-1.271356,36.846322,2026-04-01 13:34:00,2026-04-01 14:02:00,28,Yes,HH080,Success,Normal,OK
E04,SUB0389,-1.305552,36.862463,2026-04-01 12:04:00,2026-04-01 12:10:00,6,Yes,HH015,Success,Suspicious,OK
E03,SUB0390,-1.328734,36.783721,2026-04-01 10:59:00,2026-04-01 11:09:00,10,Yes,HH089,Success,Normal,OK
E05,SUB0391,-1.247749,36.795925,2026-04-01 16:49:00,2026-04-01 17:42:00,53,Yes,HH069,Success,Suspicious,OK
E01,SUB0392,-1.249289,36.797198,2026-04-01 08:30:00,2026-04-01 08:54:00,24,Yes,HH148,Success,Normal,OK
E01,SUB0393,-1.278922,36.775544,2026-04-01 16:28:00,2026-04-01 17:00:00,32,Yes,HH041,Success,Normal,OK
E03,SUB0394,-1.272609,36.842278,2026-04-01 09:45:00,2026-04-01 10:45:00,60,Yes,HH012,Success,Suspicious,OK
E01,SUB0395,-1.282824,36.808298,2026-04-01 12:10:00,2026-04-01 12:15:00,5,Yes,HH010,Failed,Suspicious,OK
E05,SUB0396,-1.29782,36.811626,2026-04-01 15:09:00,2026-04-01 15:26:00,17,Yes,HH020,Success,Normal,OK
E05,SUB0397,-1.279796,36.860194,2026-04-01 14:21:00,2026-04-01 14:31:00,10,Yes,HH012,Success,Normal,OK
E04,SUB0398,-1.283491,36.798231,2026-04-01 09:10:00,2026-04-01 10:09:00,59,Yes,HH142,Success,Suspicious,OK
E04,SUB0399,-1.309933,36.826381,2026-04-01 08:08:00,2026-04-01 08:34:00,26,Yes,HH119,Success,Normal,OK
E03,SUB0400,-1.252411,36.843246,2026-04-01 16:25:00,2026-04-01 17:17:00,52,Yes,HH039,Success,Suspicious,OK
E01,SUB0401,-1.3067,36.804642,2026-04-01 14:59:00,2026-04-01 15:03:00,4,Yes,HH086,Success,Suspicious,OK
E01,SUB0402,-1.256192,36.800751,2026-04-01 14:25:00,2026-04-01 15:22:00,57,Yes,HH108,Failed,Suspicious,OK
E04,SUB0403,-1.258835,36.779303,2026-04-01 09:01:00,2026-04-01 09:13:00,12,Yes,HH134,Success,Normal,OK
E04,SUB0404,-1.232545,36.77849,2026-04-01 14:21:00,2026-04-01 14:53:00,32,Yes,HH101,Success,Normal,OK
E01,SUB0405,-1.286502,36.866422,2026-04-01 17:41:00,2026-04-01 17:47:00,6,Yes,HH081,Success,Suspicious,OK
E04,SUB0406,-1.284724,36.793361,2026-04-01 13:34:00,2026-04-01 13:57:00,23,Yes,HH198,Success,Normal,OK
E05,SUB0407,-1.319434,36.814957,2026-04-01 09:51:00,2026-04-01 10:03:00,12,Yes,HH092,Success,Normal,OK
E02,SUB0408,-1.283665,36.855248,2026-04-01 15:42:00,2026-04-01 16:04:00,22,Yes,HH078,Success,Normal,OK
E05,SUB0409,-1.246408,36.802779,2026-04-01 08:41:00,2026-04-01 08:57:00,16,Yes,HH092,Success,Normal,OK
E04,SUB0410,-1.262282,36.796017,2026-04-01 16:45:00,2026-04-01 16:51:00,6,No,HH104,Success,Suspicious,Issue
E04,SUB0411,-1.274988,36.779473,2026-04-01 17:29:00,2026-04-01 18:19:00,50,Yes,HH032,Success,Suspicious,OK
E01,SUB0412,-1.251904,36.792229,2026-04-01 09:03:00,2026-04-01 09:59:00,56,Yes,HH176,Success,Suspicious,OK
E01,SUB0413,-1.304118,36.851275,2026-04-01 17:56:00,2026-04-01 18:36:00,40,Yes,HH166,Success,Normal,OK
E04,SUB0414,-1.239492,36.852936,2026-04-01 10:11:00,2026-04-01 10:19:00,8,Yes,HH119,Success,Suspicious,OK
E01,SUB0415,-1.286684,36.842443,2026-04-01 10:52:00,2026-04-01 11:31:00,39,Yes,HH110,Success,Normal,OK
E02,SUB0416,-1.23917,36.797498,2026-04-01 14:02:00,2026-04-01 14:18:00,16,Yes,HH158,Success,Normal,OK
E05,SUB0417,-1.300489,36.811199,2026-04-01 12:11:00,2026-04-01 12:55:00,44,Yes,HH072,Success,Suspicious,OK
E04,SUB0418,-1.310054,36.858465,2026-04-01 10:20:00,2026-04-01 10:49:00,29,Yes,HH140,Success,Normal,OK
E01,SUB0419,-1.258663,36.817968,2026-04-01 14:31:00,2026-04-01 15:24:00,53,Yes,HH145,Success,Suspicious,OK
E05,SUB0420,-1.302956,36.772606,2026-04-01 13:29:00,2026-04-01 13:56:00,27,Yes,HH200,Success,Normal,OK
E03,SUB0421,-1.230847,36.822943,2026-04-01 08:59:00,2026-04-01 09:53:00,54,Yes,HH041,Failed,Suspicious,OK
E01,SUB0422,-1.305885,36.823369,2026-04-01 12:13:00,2026-04-01 12:58:00,45,Yes,HH196,Success,Suspicious,OK
E02,SUB0423,-1.231734,36.808842,2026-04-01 17:49:00,2026-04-01 18:46:00,57,Yes,HH045,Failed,Suspicious,OK
E02,SUB0424,-1.2982,36.843811,2026-04-01 12:02:00,2026-04-01 12:42:00,40,Yes,HH181,Success,Normal,OK
E03,SUB0425,-1.31579,36.864837,2026-04-01 17:41:00,2026-04-01 18:20:00,39,Yes,HH127,Success,Normal,OK
E05,SUB0426,-1.280956,36.779026,2026-04-01 13:16:00,2026-04-01 13:30:00,14,Yes,HH135,Success,Normal,OK
E04,SUB0427,-1.23821,36.790146,2026-04-01 08:00:00,2026-04-01 08:24:00,24,Yes,HH083,Success,Normal,OK
E01,SUB0428,-1.271339,36.861722,2026-04-01 08:22:00,2026-04-01 08:34:00,12,Yes,HH094,Success,Normal,OK
E01,SUB0429,-1.235808,36.80956,2026-04-01 14:22:00,2026-04-01 15:10:00,48,Yes,HH035,Success,Suspicious,OK
E02,SUB0430,-1.266073,36.81872,2026-04-01 15:27:00,2026-04-01 16:20:00,53,Yes,HH144,Success,Suspicious,OK
E05,SUB0431,-1.263447,36.851445,2026-04-01 14:05:00,2026-04-01 14:22:00,17,Yes,HH076,Success,Normal,OK
E02,SUB0432,-1.32982,36.840201,2026-04-01 11:01:00,2026-04-01 11:50:00,49,Yes,HH198,Success,Suspicious,OK
E05,SUB0433,-1.269761,36.862104,2026-04-01 08:33:00,2026-04-01 08:47:00,14,No,HH145,Success,Normal,Issue
E01,SUB0434,-1.296883,36.777781,2026-04-01 16:28:00,2026-04-01 16:40:00,12,Yes,HH163,Success,Normal,OK
E01,SUB0435,-1.32886,36.790968,2026-04-01 13:43:00,2026-04-01 14:14:00,31,Yes,HH028,Success,Normal,OK
E01,SUB0436,-1.286178,36.811965,2026-04-01 08:49:00,2026-04-01 09:16:00,27,Yes,HH097,Success,Normal,OK
E03,SUB0437,-1.319857,36.817949,2026-04-01 17:19:00,2026-04-01 17:46:00,27,Yes,HH176,Success,Normal,OK
E02,SUB0438,-1.322629,36.854576,2026-04-01 10:46:00,2026-04-01 11:17:00,31,Yes,HH027,Success,Normal,OK
E01,SUB0439,-1.241207,36.78609,2026-04-01 13:50:00,2026-04-01 14:03:00,13,Yes,HH024,Failed,Normal,OK
E03,SUB0440,-1.326901,36.864244,2026-04-01 16:14:00,2026-04-01 17:02:00,48,Yes,HH041,Success,Suspicious,OK
E01,SUB0441,-1.309445,36.788998,2026-04-01 09:43:00,2026-04-01 10:07:00,24,Yes,HH187,Success,Normal,OK
E05,SUB0442,-1.301848,36.793755,2026-04-01 12:31:00,2026-04-01 13:16:00,45,Yes,HH126,Success,Suspicious,OK
E02,SUB0443,-1.329618,36.778763,2026-04-01 08:55:00,2026-04-01 09:21:00,26,Yes,HH123,Success,Normal,OK
E02,SUB0444,-1.309305,36.833819,2026-04-01 09:39:00,2026-04-01 09:43:00,4,No,HH030,Success,Suspicious,Issue
E03,SUB0445,-1.28109,36.836104,2026-04-01 14:47:00,2026-04-01 15:20:00,33,Yes,HH048,Success,Normal,OK
E03,SUB0446,-1.311342,36.774462,2026-04-01 14:30:00,2026-04-01 14:56:00,26,Yes,HH069,Success,Normal,OK
E05,SUB0447,-1.254776,36.836747,2026-04-01 09:03:00,2026-04-01 09:15:00,12,Yes,HH139,Success,Normal,OK
E04,SUB0448,-1.323902,36.808711,2026-04-01 11:52:00,2026-04-01 12:30:00,38,Yes,HH176,Failed,Normal,OK
E04,SUB0449,-1.306436,36.799885,2026-04-01 17:46:00,2026-04-01 18:45:00,59,Yes,HH009,Success,Suspicious,OK
E05,SUB0450,-1.278318,36.827149,2026-04-01 17:44:00,2026-04-01 18:44:00,60,No,HH194,Success,Suspicious,Issue
E04,SUB0451,-1.232784,36.850846,2026-04-01 10:57:00,2026-04-01 11:10:00,13,Yes,HH175,Success,Normal,OK
E04,SUB0452,-1.267277,36.853411,2026-04-01 11:26:00,2026-04-01 12:21:00,55,Yes,HH018,Failed,Suspicious,OK
E01,SUB0453,-1.290265,36.802613,2026-04-01 14:37:00,2026-04-01 15:15:00,38,Yes,HH004,Success,Normal,OK
E05,SUB0454,-1.288041,36.811444,2026-04-01 16:55:00,2026-04-01 17:48:00,53,Yes,HH195,Success,Suspicious,OK
E01,SUB0455,-1.252046,36.848575,2026-04-01 09:48:00,2026-04-01 10:27:00,39,Yes,HH106,Success,Normal,OK
E03,SUB0456,-1.281442,36.830896,2026-04-01 14:32:00,2026-04-01 15:16:00,44,Yes,HH037,Success,Suspicious,OK
E05,SUB0457,-1.290421,36.857896,2026-04-01 14:51:00,2026-04-01 14:56:00,5,Yes,HH122,Success,Suspicious,OK
E03,SUB0458,-1.296213,36.849365,2026-04-01 14:21:00,2026-04-01 14:25:00,4,Yes,HH179,Success,Suspicious,OK
E01,SUB0459,-1.299952,36.844372,2026-04-01 11:53:00,2026-04-01 12:04:00,11,Yes,HH187,Success,Normal,OK
E04,SUB0460,-1.285828,36.861343,2026-04-01 09:31:00,2026-04-01 09:46:00,15,Yes,HH133,Success,Normal,OK
E03,SUB0461,-1.250851,36.776562,2026-04-01 08:57:00,2026-04-01 09:32:00,35,Yes,HH200,Success,Normal,OK
E05,SUB0462,-1.312626,36.857518,2026-04-01 17:42:00,2026-04-01 17:46:00,4,Yes,HH009,Success,Suspicious,OK
E04,SUB0463,-1.259537,36.797398,2026-04-01 08:51:00,2026-04-01 09:17:00,26,Yes,HH163,Success,Normal,OK
E01,SUB0464,-1.292753,36.829404,2026-04-01 08:31:00,2026-04-01 08:49:00,18,Yes,HH151,Success,Normal,OK
E05,SUB0465,-1.313649,36.859449,2026-04-01 13:58:00,2026-04-01 14:23:00,25,Yes,HH073,Success,Normal,OK
E01,SUB0466,-1.313709,36.827226,2026-04-01 14:35:00,2026-04-01 14:41:00,6,No,HH166,Success,Suspicious,Issue
E02,SUB0467,-1.264841,36.821328,2026-04-01 11:31:00,2026-04-01 11:51:00,20,Yes,HH175,Failed,Normal,OK
E01,SUB0468,-1.265263,36.830114,2026-04-01 16:05:00,2026-04-01 16:16:00,11,Yes,HH079,Success,Normal,OK
E03,SUB0469,-1.292352,36.804871,2026-04-01 15:13:00,2026-04-01 16:13:00,60,Yes,HH174,Success,Suspicious,OK
E05,SUB0470,-1.319769,36.821151,2026-04-01 14:46:00,2026-04-01 15:26:00,40,Yes,HH096,Success,Normal,OK
E05,SUB0471,-1.261559,36.818174,2026-04-01 12:49:00,2026-04-01 13:11:00,22,Yes,HH084,Success,Normal,OK
E03,SUB0472,-1.258891,36.859237,2026-04-01 12:27:00,2026-04-01 13:11:00,44,Yes,HH196,Success,Suspicious,OK
E02,SUB0473,-1.244268,36.851003,2026-04-01 08:58:00,2026-04-01 09:52:00,54,Yes,HH036,Success,Suspicious,OK
E01,SUB0474,-1.304057,36.811857,2026-04-01 16:29:00,2026-04-01 16:50:00,21,Yes,HH182,Success,Normal,OK
E05,SUB0475,-1.257345,36.792236,2026-04-01 11:14:00,2026-04-01 11:38:00,24,Yes,HH172,Success,Normal,OK
E03,SUB0476,-1.245458,36.854064,2026-04-01 16:39:00,2026-04-01 17:01:00,22,Yes,HH025,Success,Normal,OK
E04,SUB0477,-1.304135,36.850834,2026-04-01 10:11:00,2026-04-01 11:01:00,50,Yes,HH175,Success,Suspicious,OK
E03,SUB0478,-1.294472,36.844421,2026-04-01 09:31:00,2026-04-01 09:48:00,17,Yes,HH085,Success,Normal,OK
E03,SUB0479,-1.300595,36.855121,2026-04-01 12:26:00,2026-04-01 13:06:00,40,Yes,HH150,Success,Normal,OK
E05,SUB0480,-1.241057,36.820048,2026-04-01 09:12:00,2026-04-01 09:45:00,33,Yes,HH077,Success,Normal,OK
E04,SUB0481,-1.244576,36.783737,2026-04-01 08:55:00,2026-04-01 09:53:00,58,Yes,HH146,Success,Suspicious,OK
E04,SUB0482,-1.243761,36.788036,2026-04-01 10:26:00,2026-04-01 10:49:00,23,Yes,HH046,Success,Normal,OK
E03,SUB0483,-1.284795,36.790938,2026-04-01 08:59:00,2026-04-01 09:02:00,3,Yes,HH041,Success,Suspicious,OK
E04,SUB0484,-1.268552,36.833349,2026-04-01 09:30:00,2026-04-01 09:41:00,11,Yes,HH099,Failed,Normal,OK
E01,SUB0485,-1.310059,36.80731,2026-04-01 08:38:00,2026-04-01 09:15:00,37,Yes,HH136,Success,Normal,OK
E02,SUB0486,-1.329588,36.84336,2026-04-01 08:18:00,2026-04-01 09:04:00,46,Yes,HH080,Success,Suspicious,OK
E02,SUB0487,-1.279666,36.800612,2026-04-01 09:45:00,2026-04-01 10:12:00,27,Yes,HH075,Success,Normal,OK
E04,SUB0488,-1.277588,36.813367,2026-04-01 16:52:00,2026-04-01 17:33:00,41,Yes,HH126,Success,Suspicious,OK
E03,SUB0489,-1.235192,36.861821,2026-04-01 11:12:00,2026-04-01 11:25:00,13,Yes,HH187,Success,Normal,OK
E02,SUB0490,-1.327809,36.820463,2026-04-01 11:36:00,2026-04-01 12:25:00,49,Yes,HH010,Success,Suspicious,OK
E04,SUB0491,-1.276527,36.774859,2026-04-01 12:21:00,2026-04-01 13:13:00,52,No,HH168,Success,Suspicious,Issue
E01,SUB0492,-1.318421,36.814431,2026-04-01 08:49:00,2026-04-01 09:36:00,47,Yes,HH180,Success,Suspicious,OK
E02,SUB0493,-1.261426,36.77093,2026-04-01 11:30:00,2026-04-01 12:17:00,47,Yes,HH134,Success,Suspicious,OK
E03,SUB0494,-1.246935,36.780491,2026-04-01 10:20:00,2026-04-01 10:49:00,29,Yes,HH030,Success,Normal,OK
E01,SUB0495,-1.2691,36.847796,2026-04-01 16:29:00,2026-04-01 16:44:00,15,Yes,HH092,Failed,Normal,OK
E04,SUB0496,-1.326059,36.819635,2026-04-01 13:02:00,2026-04-01 13:15:00,13,Yes,HH085,Failed,Normal,OK
E02,SUB0497,-1.262837,36.860688,2026-04-01 08:02:00,2026-04-01 08:05:00,3,Yes,HH039,Success,Suspicious,OK
E01,SUB0498,-1.257644,36.780129,2026-04-01 16:43:00,2026-04-01 16:50:00,7,Yes,HH076,Success,Suspicious,OK
E03,SUB0499,-1.320019,36.78747,2026-04-01 15:55:00,2026-04-01 16:01:00,6,Yes,HH174,Success,Suspicious,OK
E03,SUB0500,-1.31841,36.855125,2026-04-01 15:16:00,2026-04-01 16:06:00,50,Yes,HH036,Success,Suspicious,OK
E02,SUB0501,-1.240547,36.865509,2026-04-01 13:36:00,2026-04-01 14:01:00,25,Yes,HH096,Success,Normal,OK
E03,SUB0502,-1.289922,36.866231,2026-04-01 11:07:00,2026-04-01 11:17:00,10,Yes,HH123,Success,Normal,OK
E04,SUB0503,-1.316749,36.842641,2026-04-01 10:50:00,2026-04-01 11:00:00,10,No,HH027,Success,Normal,Issue
E04,SUB0504,-1.273106,36.813816,2026-04-01 16:14:00,2026-04-01 17:08:00,54,Yes,HH157,Success,Suspicious,OK
E01,SUB0505,-1.23796,36.781294,2026-04-01 10:13:00,2026-04-01 10:46:00,33,Yes,HH067,Success,Normal,OK
E03,SUB0506,-1.243167,36.822482,2026-04-01 08:12:00,2026-04-01 09:00:00,48,Yes,HH058,Success,Suspicious,OK
E03,SUB0507,-1.261176,36.831824,2026-04-01 16:51:00,2026-04-01 17:27:00,36,Yes,HH124,Success,Normal,OK
E03,SUB0508,-1.246097,36.825834,2026-04-01 14:34:00,2026-04-01 14:46:00,12,No,HH165,Success,Normal,Issue
E02,SUB0509,-1.283071,36.819583,2026-04-01 16:37:00,2026-04-01 17:34:00,57,Yes,HH083,Success,Suspicious,OK
E02,SUB0510,-1.324965,36.792271,2026-04-01 13:38:00,2026-04-01 13:58:00,20,Yes,HH061,Success,Normal,OK
E01,SUB0511,-1.249874,36.81481,2026-04-01 15:50:00,2026-04-01 16:21:00,31,Yes,HH031,Success,Normal,OK
E04,SUB0512,-1.289656,36.773583,2026-04-01 08:18:00,2026-04-01 08:27:00,9,Yes,HH155,Success,Suspicious,OK
E05,SUB0513,-1.279166,36.790685,2026-04-01 13:11:00,2026-04-01 14:10:00,59,Yes,HH094,Failed,Suspicious,OK
E01,SUB0514,-1.284554,36.826015,2026-04-01 11:48:00,2026-04-01 12:45:00,57,Yes,HH169,Success,Suspicious,OK
E03,SUB0515,-1.320256,36.835891,2026-04-01 15:43:00,2026-04-01 15:53:00,10,Yes,HH163,Success,Normal,OK
E03,SUB0516,-1.292611,36.780632,2026-04-01 17:20:00,2026-04-01 17:56:00,36,Yes,HH184,Success,Normal,OK
E04,SUB0517,-1.268915,36.788754,2026-04-01 09:49:00,2026-04-01 10:08:00,19,Yes,HH118,Success,Normal,OK
E02,SUB0518,-1.254285,36.77465,2026-04-01 13:46:00,2026-04-01 13:55:00,9,Yes,HH032,Success,Suspicious,OK
E04,SUB0519,-1.271068,36.82042,2026-04-01 15:48:00,2026-04-01 16:33:00,45,No,HH189,Success,Suspicious,Issue
E01,SUB0520,-1.246118,36.818293,2026-04-01 17:26:00,2026-04-01 17:56:00,30,Yes,HH046,Failed,Normal,OK
E05,SUB0521,-1.248476,36.780355,2026-04-01 10:57:00,2026-04-01 11:46:00,49,Yes,HH083,Success,Suspicious,OK
E05,SUB0522,-1.23205,36.861591,2026-04-01 14:33:00,2026-04-01 15:02:00,29,Yes,HH088,Success,Normal,OK
E03,SUB0523,-1.316663,36.811275,2026-04-01 15:43:00,2026-04-01 16:37:00,54,Yes,HH077,Success,Suspicious,OK
E05,SUB0524,-1.256318,36.825358,2026-04-01 13:21:00,2026-04-01 14:09:00,48,Yes,HH183,Success,Suspicious,OK
E03,SUB0525,-1.316733,36.84104,2026-04-01 13:53:00,2026-04-01 14:39:00,46,No,HH139,Success,Suspicious,Issue
E03,SUB0526,-1.294776,36.818037,2026-04-01 09:58:00,2026-04-01 10:49:00,51,Yes,HH107,Success,Suspicious,OK
E05,SUB0527,-1.24527,36.85083,2026-04-01 12:52:00,2026-04-01 13:51:00,59,Yes,HH038,Success,Suspicious,OK
E01,SUB0528,-1.303302,36.848553,2026-04-01 08:57:00,2026-04-01 09:12:00,15,No,HH038,Success,Normal,Issue
E01,SUB0529,-1.254641,36.773231,2026-04-01 13:02:00,2026-04-01 13:18:00,16,Yes,HH173,Success,Normal,OK
E05,SUB0530,-1.265288,36.808889,2026-04-01 11:49:00,2026-04-01 12:39:00,50,Yes,HH179,Success,Suspicious,OK
E03,SUB0531,-1.291245,36.86567,2026-04-01 08:48:00,2026-04-01 09:15:00,27,No,HH142,Success,Normal,Issue
E01,SUB0532,-1.304866,36.832056,2026-04-01 08:13:00,2026-04-01 09:03:00,50,Yes,HH058,Success,Suspicious,OK
E03,SUB0533,-1.269661,36.847615,2026-04-01 17:19:00,2026-04-01 18:09:00,50,No,HH046,Success,Suspicious,Issue
E01,SUB0534,-1.256492,36.781935,2026-04-01 11:11:00,2026-04-01 11:25:00,14,Yes,HH068,Success,Normal,OK
E02,SUB0535,-1.245399,36.770565,2026-04-01 10:44:00,2026-04-01 11:24:00,40,Yes,HH011,Failed,Normal,OK
E02,SUB0536,-1.324914,36.863238,2026-04-01 13:30:00,2026-04-01 14:11:00,41,Yes,HH126,Success,Suspicious,OK
E05,SUB0537,-1.322712,36.840768,2026-04-01 17:23:00,2026-04-01 17:48:00,25,Yes,HH134,Failed,Normal,OK
E01,SUB0538,-1.288407,36.823704,2026-04-01 16:37:00,2026-04-01 16:50:00,13,Yes,HH055,Success,Normal,OK
E03,SUB0539,-1.300643,36.865031,2026-04-01 13:39:00,2026-04-01 14:05:00,26,Yes,HH144,Success,Normal,OK
E01,SUB0540,-1.295399,36.794035,2026-04-01 09:57:00,2026-04-01 10:42:00,45,Yes,HH063,Failed,Suspicious,OK
E01,SUB0541,-1.238407,36.864499,2026-04-01 13:28:00,2026-04-01 13:55:00,27,Yes,HH073,Success,Normal,OK
E01,SUB0542,-1.252951,36.821431,2026-04-01 16:49:00,2026-04-01 17:44:00,55,Yes,HH076,Success,Suspicious,OK
E02,SUB0543,-1.321765,36.779596,2026-04-01 13:28:00,2026-04-01 14:03:00,35,No,HH137,Success,Normal,Issue
E01,SUB0544,-1.262966,36.847358,2026-04-01 09:07:00,2026-04-01 09:23:00,16,Yes,HH027,Success,Normal,OK
E02,SUB0545,-1.259726,36.867622,2026-04-01 17:10:00,2026-04-01 18:06:00,56,Yes,HH019,Success,Suspicious,OK
E02,SUB0546,-1.258313,36.773789,2026-04-01 08:24:00,2026-04-01 08:56:00,32,Yes,HH065,Success,Normal,OK
E05,SUB0547,-1.247838,36.861099,2026-04-01 09:12:00,2026-04-01 09:51:00,39,Yes,HH104,Success,Normal,OK
E04,SUB0548,-1.29105,36.781831,2026-04-01 13:23:00,2026-04-01 13:27:00,4,Yes,HH017,Success,Suspicious,OK
E05,SUB0549,-1.245175,36.80577,2026-04-01 08:46:00,2026-04-01 09:33:00,47,Yes,HH176,Success,Suspicious,OK
E03,SUB0550,-1.253473,36.813768,2026-04-01 09:28:00,2026-04-01 09:49:00,21,Yes,HH122,Success,Normal,OK
E02,SUB0551,-1.316362,36.809099,2026-04-01 17:06:00,2026-04-01 17:23:00,17,Yes,HH163,Success,Normal,OK
E02,SUB0552,-1.241302,36.866537,2026-04-01 13:05:00,2026-04-01 13:51:00,46,Yes,HH003,Success,Suspicious,OK
E05,SUB0553,-1.317676,36.770503,2026-04-01 17:28:00,2026-04-01 17:40:00,12,Yes,HH022,Success,Normal,OK
E03,SUB0554,-1.255857,36.842594,2026-04-01 11:35:00,2026-04-01 12:25:00,50,Yes,HH132,Failed,Suspicious,OK
E02,SUB0555,-1.307921,36.853475,2026-04-01 10:44:00,2026-04-01 10:58:00,14,Yes,HH146,Success,Normal,OK
E01,SUB0556,-1.265533,36.777314,2026-04-01 17:22:00,2026-04-01 17:54:00,32,Yes,HH051,Success,Normal,OK
E05,SUB0557,-1.294286,36.83713,2026-04-01 16:18:00,2026-04-01 16:42:00,24,Yes,HH018,Success,Normal,OK
E02,SUB0558,-1.284935,36.831634,2026-04-01 13:25:00,2026-04-01 13:59:00,34,Yes,HH145,Success,Normal,OK
E05,SUB0559,-1.298367,36.812831,2026-04-01 14:13:00,2026-04-01 15:07:00,54,Yes,HH057,Success,Suspicious,OK
E04,SUB0560,-1.294051,36.837958,2026-04-01 12:43:00,2026-04-01 13:39:00,56,Yes,HH115,Success,Suspicious,OK
E03,SUB0561,-1.274833,36.787577,2026-04-01 13:12:00,2026-04-01 13:46:00,34,Yes,HH036,Success,Normal,OK
E05,SUB0562,-1.256646,36.832662,2026-04-01 11:21:00,2026-04-01 11:40:00,19,Yes,HH130,Success,Normal,OK
E01,SUB0563,-1.289487,36.829004,2026-04-01 17:55:00,2026-04-01 18:35:00,40,Yes,HH140,Success,Normal,OK
E05,SUB0564,-1.25248,36.806582,2026-04-01 16:03:00,2026-04-01 16:47:00,44,Yes,HH188,Success,Suspicious,OK
E03,SUB0565,-1.279888,36.779055,2026-04-01 10:17:00,2026-04-01 10:49:00,32,Yes,HH062,Success,Normal,OK
E05,SUB0566,-1.278586,36.814622,2026-04-01 10:49:00,2026-04-01 11:40:00,51,Yes,HH169,Failed,Suspicious,OK
E02,SUB0567,-1.325958,36.846147,2026-04-01 16:15:00,2026-04-01 16:40:00,25,Yes,HH060,Success,Normal,OK
E01,SUB0568,-1.239227,36.806125,2026-04-01 11:31:00,2026-04-01 12:07:00,36,Yes,HH012,Success,Normal,OK
E01,SUB0569,-1.259626,36.822137,2026-04-01 13:31:00,2026-04-01 13:40:00,9,Yes,HH068,Success,Suspicious,OK
E05,SUB0570,-1.312615,36.835368,2026-04-01 17:17:00,2026-04-01 17:56:00,39,Yes,HH020,Success,Normal,OK
E05,SUB0571,-1.232733,36.79229,2026-04-01 12:17:00,2026-04-01 12:44:00,27,Yes,HH089,Success,Normal,OK
E04,SUB0572,-1.269579,36.820184,2026-04-01 16:13:00,2026-04-01 17:12:00,59,Yes,HH020,Success,Suspicious,OK
E05,SUB0573,-1.314976,36.785736,2026-04-01 12:47:00,2026-04-01 13:03:00,16,Yes,HH170,Success,Normal,OK
E02,SUB0574,-1.296978,36.781334,2026-04-01 15:04:00,2026-04-01 15:58:00,54,Yes,HH152,Success,Suspicious,OK
E02,SUB0575,-1.305633,36.782789,2026-04-01 15:00:00,2026-04-01 15:04:00,4,Yes,HH132,Success,Suspicious,OK
E01,SUB0576,-1.324409,36.795826,2026-04-01 17:46:00,2026-04-01 17:58:00,12,Yes,HH154,Failed,Normal,OK
E05,SUB0577,-1.258045,36.836175,2026-04-01 08:19:00,2026-04-01 09:18:00,59,Yes,HH115,Success,Suspicious,OK
E05,SUB0578,-1.281833,36.791936,2026-04-01 16:02:00,2026-04-01 17:00:00,58,Yes,HH150,Success,Suspicious,OK
E02,SUB0579,-1.313228,36.838559,2026-04-01 16:43:00,2026-04-01 17:02:00,19,Yes,HH018,Success,Normal,OK
E02,SUB0580,-1.316779,36.771656,2026-04-01 14:27:00,2026-04-01 14:54:00,27,Yes,HH176,Failed,Normal,OK
E04,SUB0581,-1.32037,36.817587,2026-04-01 10:33:00,2026-04-01 11:14:00,41,Yes,HH137,Success,Suspicious,OK
E05,SUB0582,-1.281776,36.783033,2026-04-01 10:00:00,2026-04-01 10:08:00,8,Yes,HH199,Success,Suspicious,OK
E04,SUB0583,-1.292962,36.774344,2026-04-01 16:54:00,2026-04-01 17:23:00,29,Yes,HH124,Success,Normal,OK
E04,SUB0584,-1.249538,36.860786,2026-04-01 13:58:00,2026-04-01 14:38:00,40,Yes,HH109,Success,Normal,OK
E02,SUB0585,-1.253414,36.861009,2026-04-01 12:20:00,2026-04-01 12:53:00,33,Yes,HH140,Success,Normal,OK
E04,SUB0586,-1.329453,36.844365,2026-04-01 12:23:00,2026-04-01 12:38:00,15,Yes,HH134,Success,Normal,OK
E01,SUB0587,-1.309458,36.850429,2026-04-01 14:24:00,2026-04-01 15:08:00,44,Yes,HH110,Success,Suspicious,OK
E05,SUB0588,-1.244502,36.812356,2026-04-01 12:19:00,2026-04-01 12:38:00,19,Yes,HH175,Success,Normal,OK
E04,SUB0589,-1.27479,36.825756,2026-04-01 11:28:00,2026-04-01 11:57:00,29,Yes,HH124,Success,Normal,OK
E03,SUB0590,-1.295564,36.840549,2026-04-01 13:14:00,2026-04-01 13:53:00,39,Yes,HH169,Success,Normal,OK
E01,SUB0591,-1.251689,36.864925,2026-04-01 11:55:00,2026-04-01 12:26:00,31,Yes,HH087,Success,Normal,OK
E05,SUB0592,-1.29109,36.833588,2026-04-01 08:53:00,2026-04-01 09:06:00,13,Yes,HH121,Success,Normal,OK
E05,SUB0593,-1.323592,36.792177,2026-04-01 15:25:00,2026-04-01 15:33:00,8,Yes,HH099,Success,Suspicious,OK
E04,SUB0594,-1.258839,36.829747,2026-04-01 16:53:00,2026-04-01 17:14:00,21,Yes,HH164,Success,Normal,OK
E04,SUB0595,-1.309829,36.835688,2026-04-01 15:29:00,2026-04-01 15:32:00,3,Yes,HH009,Success,Suspicious,OK
E05,SUB0596,-1.260155,36.831519,2026-04-01 16:42:00,2026-04-01 17:18:00,36,Yes,HH168,Success,Normal,OK
E01,SUB0597,-1.230318,36.847967,2026-04-01 10:41:00,2026-04-01 10:49:00,8,Yes,HH151,Success,Suspicious,OK
E02,SUB0598,-1.256307,36.776862,2026-04-01 16:50:00,2026-04-01 16:53:00,3,Yes,HH144,Success,Suspicious,OK
E05,SUB0599,-1.233671,36.797651,2026-04-01 13:56:00,2026-04-01 14:21:00,25,Yes,HH104,Success,Normal,OK
E05,SUB0600,-1.312497,36.820624,2026-04-01 08:04:00,2026-04-01 08:23:00,19,Yes,HH088,Success,Normal,OK
